epoch,lr_rgb,lr_heads,train_total,train_classification,train_seg_focal,train_seg_dice,train_consistency,val_total,val_auc,val_f1,val_dice,val_iou,val_consistency_aligned_rate,score,seconds
1,2.9920567482839963e-05,0.0001994549285891432,0.2876064940679753,0.04508125537532468,0.05322224355358218,0.6276465382385792,0.680119362895359,0.2390531815833761,0.979365053214274,0.9507019262161279,0.8850544991528869,0.7938096512165306,0.085529854760624,0.9519040043025527,401.5786945819855
2,2.968314021064018e-05,0.00019782568627301365,0.24922960701786384,0.011853522834955561,0.030096855649389923,0.569013494525792,0.641436327588796,0.19048232038470883,0.9899136343500243,0.9750867234310943,0.9030125175317444,0.8231748602089226,0.6008606777837547,0.9680853377106894,537.8061797618866
3,2.9290319486279726e-05,0.00019513012337136777,0.23326208218229572,0.006224148424902985,0.021379067939797727,0.5520261617846999,0.5899337675360248,0.1877461092195899,0.9859294283904649,0.9799874921826142,0.9160787984632117,0.8451525785863317,0.5642818719741797,0.970176721542659,514.4104018211365
4,2.874640913581771e-05,0.00019139777303543875,0.22377042466871086,0.00521336597443878,0.015989904868900968,0.5420327917138692,0.55319264015476,0.20084698960556813,0.9886661101775273,0.967866323907455,0.9177126123613037,0.8479380087423387,0.5642818719741797,0.9682354747332609,550.4600715637207
5,2.8057368354874363e-05,0.00018666952767655164,0.21492475717767198,0.0024687068798209654,0.014157487079176018,0.5327210352680778,0.5195034329009031,0.189100704084001,0.9896372203367492,0.9675345548055287,0.9198346662763133,0.8515684012051556,0.7100591715976331,0.9690459098652959,426.12042903900146
6,2.7230746418436738e-05,0.00018099719094030725,0.21209473562148862,0.0038825512048368963,0.01147898457385306,0.5308546430630976,0.5035483640553551,0.1966598264335505,0.9890432047916644,0.9753164556962025,0.9199734638910589,0.8518063520971325,0.633674018289403,0.9711112318829047,436.14220666885376
7,2.6275599969422215e-05,0.0001744429101350007,0.20716878942218192,0.0030863195985199603,0.010496381219334461,0.5259245062711672,0.4823590403578939,0.20034834959663053,0.9924050215822597,0.9788309636650869,0.9207810035418859,0.8531919902853773,0.584722969338354,0.9740080005990333,424.8821470737457
8,2.5202393792203443e-05,0.00016707849533270636,0.20335851120121523,0.0033780748417703526,0.00927902645884147,0.5320226525681514,0.4476387324317961,0.2073790513878734,0.9806565107398743,0.9737335834896811,0.9245190037779658,0.8596330451450375,0.6412049488972565,0.9673521311724347,352.66201424598694
9,2.4022886158240857e-05,0.00015898463260310104,0.20163844238139758,0.0031046586737690216,0.008256412389300413,0.5284597306972002,0.4442024079907489,0.2124205174881758,0.9812807304652175,0.9530944625407166,0.9253737960940788,0.861112257202218,0.6826250672404519,0.9616434632136395,464.87021827697754
10,2.2749999999999997e-05,0.00015024999999999997,0.19695147454057033,0.0024454511136842174,0.008074090378333792,0.5262133723971592,0.41870087079631163,0.19786565024559022,0.978231023537294,0.9747793190416141,0.9309799700316335,0.8708723353473389,0.6987627756858527,0.967745301487458,473.86575174331665
11,2.1397681324599104e-05,0.0001409702959860421,0.19458666182436662,0.001932315605047528,0.0074820294161120375,0.5283505765161156,0.40153122283028486,0.1929538462803519,0.9862387924185677,0.9801073571203032,0.9266541891730193,0.8633323760392376,0.684238838084992,0.9724824411799787,355.47465920448303
12,1.9980746418436738e-05,0.00013124719094030724,0.19017922613122104,0.0026861470097977974,0.007636521007205218,0.525098751946951,0.37535181996037803,0.20742767177418703,0.9890459506262334,0.9729557747375119,0.9308609217436256,0.8706640143223814,0.6363636363636364,0.9725818920830953,368.2787501811981
13,1.8514719516857508e-05,0.00012118721323636702,0.1858611376962162,0.0023282292521975266,0.006503015227218349,0.5124902362009979,0.37004454479824406,0.21189958849153387,0.9886432282227859,0.9742612011439467,0.9219004717799582,0.8551162927434254,0.6164604626143088,0.9709800688105686,439.31189250946045
14,1.7015662717380978e-05,0.00011090058209513151,0.18309567320343684,6.633407067170398e-06,0.005783522771461907,0.5136073558340356,0.35689649637316984,0.23070926061273772,0.985016896035381,0.9611650485436893,0.9086366996014718,0.8325703267369069,0.6976869284561592,0.9625853025010916,348.001238822937
